-58.3834983333,-34.6100833333,1235398023,0,50.00
-58.3834983333,-34.6100833333,1235398083,0,50.00
-58.3834033333,-34.6102833333,1235398142,0,50.00
-58.3833150000,-34.6095883333,1235398206,0,50.00
-58.3839800000,-34.6089100000,1235398263,3,2.40
-58.3849433333,-34.6087516667,1235398324,4,4.10
-58.3858183333,-34.6089800000,1235398383,4,4.60
-58.3867116667,-34.6090400000,1235398446,4,5.00
-58.3876233333,-34.6095700000,1235398504,4,5.40
-58.3881616667,-34.6095633333,1235398566,4,2.60
-58.3881500000,-34.6096283333,1235398626,5,3.90
-58.3889716667,-34.6091750000,1235398686,5,3.80
-58.3895000000,-34.6093850000,1235398746,5,3.70
-58.3903483333,-34.6097716667,1235398808,4,2.90
-58.3904716667,-34.6099333333,1235398867,4,3.00
-58.3912083333,-34.6099766667,1235398931,5,3.40
-58.3914966667,-34.6092583333,1235398988,5,3.30
-58.3909916667,-34.6092466667,1235399047,5,3.20
-58.3905250000,-34.6092666667,1235399107,4,1.80
-58.3898283333,-34.6095933333,1235399166,7,1.30
-58.3894683333,-34.6096216667,1235399226,6,1.40
-58.3892883333,-34.6091033333,1235399288,0,50.00
-58.3890150000,-34.6090916667,1235399347,5,1.90
-58.3880050000,-34.6092083333,1235399407,0,50.00
-58.3873750000,-34.6087716667,1235399467,6,1.50
-58.3863916667,-34.6088233333,1235399529,5,2.00
-58.3859483333,-34.6089616667,1235399587,3,14.70
-58.3850633333,-34.6084016667,1235399650,4,1.90
-58.3848783333,-34.6077383333,1235399709,4,1.90
-58.3848650000,-34.6068333333,1235399769,5,3.30
-58.3846250000,-34.6063316667,1235399833,4,2.20
-58.3847550000,-34.6054166667,1235399893,4,2.20
-58.3850583333,-34.6049533333,1235399950,5,3.60
-58.3850366667,-34.6042450000,1235400008,3,3.10
-58.3842233333,-34.6037566667,1235400070,0,50.00
-58.3815283333,-34.6029250000,1235400129,0,50.00
-58.3788333333,-34.6020933333,1235400190,0,50.00
-58.3761366667,-34.6012616667,1235400249,0,50.00
-58.3743850000,-34.6007216667,1235400309,0,50.00
-58.3743850000,-34.6007216667,1235400369,0,50.00
-58.3743850000,-34.6007216667,1235400430,0,50.00
-58.3743850000,-34.6007216667,1235400491,0,50.00
-58.3743850000,-34.6007216667,1235400550,0,50.00
-58.3743850000,-34.6007216667,1235400670,0,50.00
-58.3743850000,-34.6007216667,1235400730,0,50.00
-58.3743850000,-34.6007216667,1235400792,0,50.00
-58.3743850000,-34.6007216667,1235400851,0,50.00
-58.3743850000,-34.6007216667,1235400911,0,50.00
-58.3743850000,-34.6007216667,1235400971,0,50.00
-58.3743850000,-34.6007216667,1235401031,0,50.00
-58.3743850000,-34.6007216667,1235401093,0,50.00
-58.3743850000,-34.6007216667,1235401151,0,50.00
-58.3743850000,-34.6007216667,1235401212,0,50.00
-58.3743850000,-34.6007216667,1235401272,0,50.00
-58.3743850000,-34.6007216667,1235401332,0,50.00
-58.3743850000,-34.6007216667,1235401392,0,50.00
-58.3743850000,-34.6007216667,1235401451,0,50.00
-58.3743850000,-34.6007216667,1235401511,0,50.00
-58.3743850000,-34.6007216667,1235401571,0,50.00
-58.3743850000,-34.6007216667,1235401633,0,50.00
-58.3743850000,-34.6007216667,1235401694,0,50.00
-58.3743850000,-34.6007216667,1235401753,0,50.00
-58.3743850000,-34.6007216667,1235401813,0,50.00
-58.3743850000,-34.6007216667,1235401875,0,50.00
-58.3743850000,-34.6007216667,1235401935,0,50.00
-58.3743850000,-34.6007216667,1235401996,0,50.00
-58.3743850000,-34.6007216667,1235402055,0,50.00
-58.3743850000,-34.6007216667,1235402117,0,50.00
-58.3743850000,-34.6007216667,1235402177,0,50.00
-58.3743850000,-34.6007216667,1235402237,0,50.00
-58.3743850000,-34.6007216667,1235402298,0,50.00
-58.3743850000,-34.6007216667,1235402357,0,50.00
-58.3743850000,-34.6007216667,1235402417,0,50.00
-58.3743850000,-34.6007216667,1235402478,0,50.00
-58.3743850000,-34.6007216667,1235402536,0,50.00
-58.3743850000,-34.6007216667,1235402598,0,50.00
-58.3743850000,-34.6007216667,1235402657,0,50.00
-58.3852300000,-34.6040800000,1235402717,0,50.00
-58.3852300000,-34.6040800000,1235402778,0,50.00
-58.3852300000,-34.6040800000,1235402837,0,50.00
-58.3856866667,-34.6036133333,1235402898,6,1.80
-58.3869166667,-34.6043066667,1235403020,5,1.90
-58.3866583333,-34.6039383333,1235403080,6,1.80
-58.3874600000,-34.6040033333,1235403139,6,1.80
-58.3881900000,-34.6040516667,1235403199,6,1.80
-58.3891200000,-34.6041466667,1235403261,6,1.90
-58.3894000000,-34.6039733333,1235403321,6,1.90
-58.3895200000,-34.6031133333,1235403382,6,1.90
-58.3887633333,-34.6026950000,1235403448,6,1.90
-58.3882100000,-34.6028566667,1235403504,7,1.30
-58.3872750000,-34.6026916667,1235403565,7,1.30
-58.3864883333,-34.6025166667,1235403624,7,1.30
-58.3865783333,-34.6017716667,1235403687,7,1.30
-58.3861766667,-34.6015050000,1235403746,7,1.30
-58.3849516667,-34.6017016667,1235403807,6,1.80
-58.3849966667,-34.6019483333,1235403873,7,1.30
-58.3850150000,-34.6024883333,1235403929,7,1.50
-58.3847633333,-34.6024400000,1235403989,7,1.30
-58.3845533333,-34.6018783333,1235404049,8,1.10
-58.3843483333,-34.6016283333,1235404118,7,1.30
-58.3841083333,-34.6018683333,1235404171,7,1.30
-58.3840616667,-34.6017050000,1235404235,6,1.80
-58.3840616667,-34.6017050000,1235404292,6,1.80
-58.3841800000,-34.6013166667,1235404351,8,1.10
-58.3843100000,-34.6010083333,1235404412,7,1.40
-58.3844033333,-34.6008866667,1235404472,6,1.80
-58.3841166667,-34.6001933333,1235404533,7,1.40
-58.3841666667,-34.5994300000,1235404593,7,1.40
-58.3841600000,-34.5994250000,1235404652,7,1.40
-58.3840816667,-34.5992450000,1235404714,7,1.40
-58.3832716667,-34.5989450000,1235404772,7,1.40
-58.3828833333,-34.5985100000,1235404833,3,32.80
-58.3797450000,-34.5994950000,1235404893,0,50.00
-58.3823000000,-34.5991833333,1235404954,8,1.20
-58.3823400000,-34.5992200000,1235405014,7,1.40
-58.3814350000,-34.5991950000,1235405081,7,1.40
-58.3811200000,-34.5991316667,1235405135,7,1.40
-58.3803966667,-34.5986716667,1235405195,8,1.20
-58.3796733333,-34.5989633333,1235405255,7,2.00
-58.3794600000,-34.5991500000,1235405317,6,2.30
-58.3795433333,-34.5993016667,1235405377,6,1.70
-58.3795900000,-34.5994516667,1235405438,5,6.90
-58.3793300000,-34.5992983333,1235405498,7,2.20
-58.3786583333,-34.5992483333,1235405561,8,1.30
-58.3782283333,-34.5991550000,1235405625,7,1.80
-58.3781783333,-34.5985166667,1235405680,6,2.30
-58.3779066667,-34.5986466667,1235405741,6,1.80
-58.3778466667,-34.5986716667,1235405803,4,2.60
-58.3767133333,-34.5990533333,1235405862,0,50.00
-58.3777383333,-34.5990000000,1235405923,4,7.20
-58.3778666667,-34.5992066667,1235405983,6,1.90
-58.3781416667,-34.5988000000,1235406045,5,3.50
-58.3776666667,-34.5986916667,1235406105,6,1.90
-58.3784483333,-34.5986233333,1235406167,4,2.80
-58.3794850000,-34.5974333333,1235406227,0,50.00
-58.3815100000,-34.5956216667,1235406287,0,50.00
-58.3835333333,-34.5938100000,1235406347,0,50.00
-58.3855933333,-34.5919683333,1235406408,0,50.00
-58.3778900000,-34.5982416667,1235406470,7,1.50
-58.3768966667,-34.5985416667,1235406531,7,1.50
-58.3762566667,-34.5984400000,1235406591,7,1.50
-58.3766783333,-34.5988400000,1235406650,0,50.00
-58.3769883333,-34.5983166667,1235406712,0,50.00
-58.3753500000,-34.5982666667,1235406772,0,50.00
-58.3755516667,-34.5988366667,1235406832,3,3.70
-58.3762133333,-34.5990750000,1235406893,0,50.00
-58.3768866667,-34.5993150000,1235406955,0,50.00
-58.3772450000,-34.5994433333,1235407015,0,50.00
-58.3736066667,-34.5991466667,1235407076,0,50.00
-58.3702300000,-34.5996816667,1235407135,0,50.00
-58.3769966667,-34.5964516667,1235407198,0,50.00
-58.3786116667,-34.5942166667,1235407257,0,50.00
-58.3776083333,-34.5976033333,1235407318,0,50.00
-58.3776083333,-34.5976033333,1235407379,0,50.00
-58.3817300000,-34.5934350000,1235407440,0,50.00
-58.3761666667,-34.5990200000,1235407499,3,16.50
-58.3760283333,-34.5985850000,1235407561,3,2.50
-58.3754366667,-34.5986633333,1235407621,7,1.60
-58.3752483333,-34.5993516667,1235407683,7,1.70
-58.3754233333,-34.5998266667,1235407744,6,2.20
-58.3754233333,-34.5998266667,1235407804,6,2.20
-58.3752683333,-34.6010150000,1235407870,6,2.20
-58.3754233333,-34.6014916667,1235407926,5,2.80
-58.3752350000,-34.6020133333,1235407984,7,1.70
-58.3752833333,-34.6028600000,1235408048,6,2.20
-58.3753166667,-34.6031666667,1235408108,6,2.20
-58.3753750000,-34.6040450000,1235408168,6,2.20
-58.3753750000,-34.6040450000,1235408229,6,2.20
-58.3751216667,-34.6048583333,1235408288,5,2.50
-58.3751033333,-34.6058916667,1235408350,3,5.50
-58.3760400000,-34.6069350000,1235408410,0,50.00
-58.3765800000,-34.6076766667,1235408470,0,50.00
-58.3771366667,-34.6084433333,1235408532,0,50.00
-58.3730766667,-34.6090616667,1235408592,0,50.00
-58.3764800000,-34.6044766667,1235408652,0,50.00
-58.3745366667,-34.6056716667,1235408713,0,50.00
-58.3746016667,-34.6077383333,1235408779,0,50.00
-58.3756150000,-34.6061900000,1235408834,0,50.00
-58.3765366667,-34.6055450000,1235408895,0,50.00
-58.3750716667,-34.6056466667,1235408955,4,4.50
-58.3750316667,-34.6052116667,1235409015,0,50.00
-58.3751600000,-34.6052050000,1235409077,6,2.20
-58.3751950000,-34.6049783333,1235409137,6,2.20
-58.3757533333,-34.6043833333,1235409197,6,2.20
-58.3766700000,-34.6042866667,1235409259,6,2.20
-58.3766550000,-34.6036316667,1235409319,5,2.70
-58.3767583333,-34.6030083333,1235409380,6,2.20
-58.3767933333,-34.6025866667,1235409440,5,2.80
-58.3765883333,-34.6027633333,1235409501,6,2.10
-58.3768300000,-34.6040633333,1235409562,0,50.00
-58.3773300000,-34.6029033333,1235409622,0,50.00
-58.3780333333,-34.6018400000,1235409684,0,50.00
-58.3787133333,-34.6008116667,1235409744,0,50.00
-58.3793950000,-34.5997816667,1235409804,0,50.00
-58.3798600000,-34.5990783333,1235409865,0,50.00
-58.3798600000,-34.5990783333,1235409925,0,50.00
-58.3798600000,-34.5990783333,1235409986,0,50.00
-58.3764400000,-34.6023350000,1235410047,0,50.00
-58.3766966667,-34.6026966667,1235410108,5,5.00
-58.3764400000,-34.6028866667,1235410174,6,2.10
-58.3769766667,-34.6034433333,1235410230,6,2.10
-58.3778266667,-34.6034400000,1235410292,6,2.10
-58.3788616667,-34.6035900000,1235410350,5,4.30
-58.3796733333,-34.6036766667,1235410416,6,2.10
-58.3814183333,-34.6031833333,1235410532,7,1.40
-58.3814283333,-34.6031633333,1235410592,8,1.10
-58.3812783333,-34.6033366667,1235410654,5,1.60
-58.3814133333,-34.6031583333,1235410714,8,1.10
-58.3814350000,-34.6032000000,1235410776,9,1.00
-58.3815933333,-34.6031600000,1235410835,8,1.10
-58.3819400000,-34.6035816667,1235410896,9,1.00
-58.3819700000,-34.6037350000,1235410956,8,1.10
-58.3823033333,-34.6036900000,1235411016,7,1.20
-58.3821050000,-34.6041633333,1235411078,7,1.90
-58.3820266667,-34.6048316667,1235411138,7,1.90
-58.3820100000,-34.6054450000,1235411199,5,2.50
-58.3820100000,-34.6054450000,1235411259,5,2.50
-58.3817133333,-34.6071366667,1235411320,8,1.20
-58.3820600000,-34.6077433333,1235411381,9,1.00
-58.3819050000,-34.6083750000,1235411441,7,1.20
-58.3820050000,-34.6091633333,1235411501,9,1.00
-58.3823783333,-34.6091650000,1235411563,8,1.10
-58.3832150000,-34.6089516667,1235411623,8,1.10
-58.3848566667,-34.6092616667,1235411805,9,1.00
-58.3855416667,-34.6095083333,1235411866,7,1.20
-58.3858916667,-34.6095100000,1235411932,5,2.20
-58.3861366667,-34.6092916667,1235411988,7,1.10
-58.3855650000,-34.6090533333,1235412047,7,1.20
-58.3855650000,-34.6090533333,1235412114,7,1.20
-58.3848333333,-34.6098150000,1235412168,8,1.10
-58.3834000000,-34.6100100000,1235412230,8,1.00
-58.3834333333,-34.6104800000,1235412291,7,1.10
-58.3834816667,-34.6105450000,1235412350,9,0.90
-58.3834766667,-34.6105550000,1235412411,8,1.00
-58.3834100000,-34.6105650000,1235412472,9,0.90
-58.3834100000,-34.6105650000,1235412533,8,1.00
-58.3832866667,-34.6107850000,1235412593,6,1.40
-58.3834433333,-34.6105716667,1235412653,8,1.00
-58.3834433333,-34.6105716667,1235412715,8,1.00
-58.3834016667,-34.6106000000,1235412775,9,0.90
-58.3834016667,-34.6106000000,1235412835,9,0.90
-58.3834016667,-34.6106000000,1235412897,8,1.00
-58.3834016667,-34.6106000000,1235412957,3,3.00
-58.3834316667,-34.6105150000,1235413017,6,1.40
-58.3838083333,-34.6102433333,1235413078,3,36.20
-58.3837366667,-34.6106116667,1235413139,3,28.10
-58.3834366667,-34.6105516667,1235413200,4,2.20
-58.3834216667,-34.6104716667,1235413260,5,1.50
-58.3832333333,-34.6109466667,1235413320,4,2.60
-58.3827966667,-34.6123700000,1235413382,4,50.00
-58.3834266667,-34.6104683333,1235413442,3,50.00
-58.3838500000,-34.6091633333,1235413502,3,50.00
-58.3838500000,-34.6091633333,1235413563,3,50.00
-58.3836266667,-34.6099366667,1235413624,3,50.00
-58.3836983333,-34.6096650000,1235413685,3,50.00
-58.3835500000,-34.6102516667,1235413745,4,2.50
-58.3835200000,-34.6103533333,1235413805,4,14.80
-58.3835533333,-34.6102850000,1235413867,4,4.70
-58.3837633333,-34.6098483333,1235413927,3,50.00
-58.3832716667,-34.6109816667,1235413988,4,10.40
-58.3830800000,-34.6115116667,1235414049,3,50.00
-58.3831433333,-34.6113300000,1235414109,4,2.80
-58.3835350000,-34.6102966667,1235414169,7,1.00
-58.3835133333,-34.6103950000,1235414230,8,0.90
-58.3835150000,-34.6103983333,1235423265,0,0.90
-58.3835150000,-34.6103983333,1235423323,0,0.90
-58.3835150000,-34.6103983333,1235423383,0,0.90
-58.3835150000,-34.6103983333,1235423444,0,0.90
-58.3835150000,-34.6103983333,1235423505,0,0.90
-58.3835150000,-34.6103983333,1235423566,0,0.90
-58.3835150000,-34.6103983333,1235423626,0,0.90
-58.3835150000,-34.6103983333,1235423688,0,0.90
-58.3835150000,-34.6103983333,1235423747,0,0.90
-58.3835150000,-34.6103983333,1235423808,0,0.90
-58.3835150000,-34.6103983333,1235423870,0,0.90
-58.3835150000,-34.6103983333,1235423930,0,0.90
-58.3835150000,-34.6103983333,1235423990,0,0.90
-58.3835150000,-34.6103983333,1235424051,0,0.90
-58.3835150000,-34.6103983333,1235424111,0,0.90
-58.3835150000,-34.6103983333,1235424172,0,0.90
-58.3835150000,-34.6103983333,1235424233,0,0.90
-58.3835150000,-34.6103983333,1235424294,0,0.90
-58.3835150000,-34.6103983333,1235424355,0,0.90
-58.3835150000,-34.6103983333,1235424415,0,0.90
-58.3835150000,-34.6103983333,1235424476,0,0.90
-58.3835150000,-34.6103983333,1235424536,0,0.90
-58.3835150000,-34.6103983333,1235424597,0,0.90
-58.3835150000,-34.6103983333,1235424658,0,0.90
-58.3835150000,-34.6103983333,1235424718,0,0.90
-58.3835150000,-34.6103983333,1235424778,0,0.90
-58.3835150000,-34.6103983333,1235424840,0,0.90
-58.3835150000,-34.6103983333,1235424900,0,0.90
-58.3835150000,-34.6103983333,1235424961,0,0.90
-58.3835150000,-34.6103983333,1235425022,0,0.90
-58.3835150000,-34.6103983333,1235425082,0,0.90
-58.3835150000,-34.6103983333,1235425143,0,0.90
-58.3835150000,-34.6103983333,1235425203,0,0.90
-58.3835150000,-34.6103983333,1235425265,0,0.90
-58.3835150000,-34.6103983333,1235425325,0,0.90
-58.3835150000,-34.6103983333,1235425385,0,0.90
-58.3835150000,-34.6103983333,1235425446,0,0.90
-58.3835150000,-34.6103983333,1235425507,0,0.90
-58.3835150000,-34.6103983333,1235425568,0,0.90
-58.3835150000,-34.6103983333,1235425628,0,0.90
-58.3835150000,-34.6103983333,1235425690,0,0.90
-58.3835150000,-34.6103983333,1235425750,0,0.90
-58.3835150000,-34.6103983333,1235425810,0,0.90
-58.3835150000,-34.6103983333,1235425871,0,0.90
-58.3835150000,-34.6103983333,1235425932,0,0.90
-58.3835150000,-34.6103983333,1235425992,0,0.90
-58.3835150000,-34.6103983333,1235426053,0,0.90
-58.3835150000,-34.6103983333,1235426113,0,0.90
-58.3835150000,-34.6103983333,1235426173,0,0.90
-58.3835150000,-34.6103983333,1235426235,0,0.90
-58.3835150000,-34.6103983333,1235426295,0,0.90
-58.3835150000,-34.6103983333,1235426356,0,0.90
-58.3835150000,-34.6103983333,1235426417,0,0.90
-58.3835150000,-34.6103983333,1235426477,0,0.90
-58.3835150000,-34.6103983333,1235426538,0,0.90
-58.3835150000,-34.6103983333,1235426598,0,0.90
-58.3835150000,-34.6103983333,1235426659,0,0.90
-58.3835150000,-34.6103983333,1235426720,0,0.90
-58.3835150000,-34.6103983333,1235426780,0,0.90
-58.3835150000,-34.6103983333,1235426842,0,0.90
-58.3835150000,-34.6103983333,1235426902,0,0.90
-58.3835150000,-34.6103983333,1235426962,0,0.90
-58.3835150000,-34.6103983333,1235427023,0,0.90
-58.3835150000,-34.6103983333,1235427084,0,0.90
-58.3835150000,-34.6103983333,1235427144,0,0.90
-58.3835150000,-34.6103983333,1235427205,0,0.90
-58.3835150000,-34.6103983333,1235427265,0,0.90
-58.3835150000,-34.6103983333,1235427327,0,0.90
-58.3737016667,-34.5841666667,1235427447,7,1.50
-58.3737016667,-34.5841666667,1235427508,7,1.50
-58.3737016667,-34.5841666667,1235427573,8,1.50
-58.3737016667,-34.5841666667,1235427630,10,0.90
-58.3737016667,-34.5841666667,1235427690,10,0.90
-58.3737016667,-34.5841666667,1235427750,10,0.90
-58.3737016667,-34.5841666667,1235427810,10,0.90
-58.3737016667,-34.5841666667,1235427872,10,0.90
-58.3737016667,-34.5841666667,1235427932,10,0.90
-58.3737016667,-34.5841666667,1235427993,10,0.90
-58.3737500000,-34.5840966667,1235428053,10,0.90
-58.3737500000,-34.5840966667,1235428113,10,0.90
-58.3737750000,-34.5840316667,1235428175,10,0.90
-58.3737683333,-34.5840233333,1235428235,10,0.90
-58.3737800000,-34.5840533333,1235428295,10,0.90
-58.3737816667,-34.5840716667,1235428357,10,0.90
-58.3737416667,-34.5841083333,1235428417,9,1.10
-58.3737416667,-34.5841083333,1235428477,10,0.90
-58.3737416667,-34.5841083333,1235428538,10,0.90
-58.3737416667,-34.5841083333,1235428599,10,0.90
-58.3737416667,-34.5841083333,1235428660,10,0.90
-58.3737416667,-34.5841083333,1235428720,10,0.90
-58.3737416667,-34.5841083333,1235428780,9,1.00
-58.3737416667,-34.5841083333,1235428842,9,1.10
-58.3737416667,-34.5841083333,1235428902,9,1.10
-58.3737416667,-34.5841083333,1235428962,9,1.10
-58.3737416667,-34.5841083333,1235429024,9,1.10
-58.3737416667,-34.5841083333,1235429084,9,1.10
-58.3732750000,-34.5842183333,1235429145,8,1.10
-58.3730233333,-34.5838350000,1235429205,9,1.10
-58.3730233333,-34.5838350000,1235429265,9,1.10
-58.3761233333,-34.5799200000,1235429327,9,1.10
-58.3846716667,-34.5780966667,1235429387,9,1.10
-58.3897100000,-34.5740266667,1235429447,9,1.10
-58.3956050000,-34.5719466667,1235429509,9,1.10
-58.3681333333,-34.5969483333,1235995747,6,1.10
-58.3681333333,-34.5969483333,1235995812,8,0.90
-58.3681333333,-34.5969483333,1235995868,8,0.90
-58.3681333333,-34.5969483333,1235995928,8,0.90
-58.3680516667,-34.5969316667,1235995994,9,0.90
-58.3679883333,-34.5969400000,1235996050,9,0.90
-58.3679600000,-34.5969033333,1235996109,8,1.00
-58.3680083333,-34.5968966667,1235996171,10,0.90
-58.3679883333,-34.5969933333,1235996229,9,0.90
-58.3680983333,-34.5970700000,1235996290,10,0.90
-58.3680983333,-34.5970700000,1235996353,10,0.90
-58.3680216667,-34.5969366667,1235996411,10,0.90
-58.3680416667,-34.5968900000,1235996470,10,0.90
-58.3680200000,-34.5968916667,1235996530,9,1.00
-58.3680416667,-34.5968933333,1235996592,9,1.00
-58.3680416667,-34.5968933333,1235996650,9,1.00
-58.3679983333,-34.5969150000,1235996711,9,1.10
-58.3680383333,-34.5968533333,1235996771,10,0.90
-58.3680783333,-34.5968300000,1235996831,10,0.90
-58.3681000000,-34.5968466667,1235996890,10,0.90
-58.3681350000,-34.5968550000,1235996950,10,0.90
-58.3680866667,-34.5968333333,1235997012,9,0.90
-58.3680266667,-34.5968600000,1235997072,9,0.90
-58.3680283333,-34.5968083333,1235997133,10,0.90
-58.3679966667,-34.5968183333,1235997192,9,0.90
-58.3679316667,-34.5968183333,1235997253,10,0.90
-58.3677716667,-34.5968383333,1235997312,8,0.90
-58.3676250000,-34.5965316667,1235997371,8,1.00
-58.3664850000,-34.5957683333,1235997433,10,0.90
-58.3649616667,-34.5951400000,1235997491,9,1.00
-58.3627516667,-34.5944583333,1235997552,10,0.90
-58.3602616667,-34.5938550000,1235997613,9,1.00
-58.3572166667,-34.5939083333,1235997672,10,0.90
-58.3541716667,-34.5940750000,1235997733,10,0.90
-58.3511466667,-34.5942883333,1235997794,11,0.80
-58.3511466667,-34.5942883333,1235997852,11,0.80
-58.3806083333,-34.6023966667,1236083532,3,1.70
-58.3807133333,-34.6024033333,1236083591,3,1.70
-58.3805000000,-34.6022933333,1236083652,3,1.70
-58.3807533333,-34.6022033333,1236083713,5,4.00
-58.3809566667,-34.6011100000,1236083772,5,4.30
-58.3808850000,-34.6001650000,1236083832,3,3.00
-58.3808583333,-34.6007400000,1236083896,0,50.00
-58.3799683333,-34.6000316667,1236083952,4,2.20
-58.3798750000,-34.6003100000,1236084012,3,10.80
-58.3798750000,-34.6003100000,1236084072,3,10.80
-58.3776616667,-34.6001116667,1236084133,3,2.60
-58.3759300000,-34.6000233333,1236084192,0,50.00
-58.3741350000,-34.5996450000,1236084252,0,50.00
-58.3727516667,-34.5996100000,1236084313,4,2.90
-58.3724200000,-34.5998200000,1236084372,3,40.40
-58.3713766667,-34.5991983333,1236084432,4,3.10
-58.3712750000,-34.5995666667,1236084492,6,1.20
-58.3712750000,-34.5995666667,1236084552,6,1.20
-58.3725950000,-34.6007183333,1236084615,5,1.90
-58.3733966667,-34.6009000000,1236084673,3,3.50
-58.3738950000,-34.6004300000,1236084734,6,2.50
-58.3742466667,-34.5992816667,1236084793,4,2.70
-58.3743283333,-34.5979400000,1236084853,5,2.60
-58.3745266667,-34.5980500000,1236084915,3,2.60
-58.3742650000,-34.5980766667,1236084974,0,50.00
-58.3745700000,-34.5980000000,1236085034,4,2.80
-58.3747083333,-34.5953900000,1236085095,4,2.80
-58.3741516667,-34.5944100000,1236085155,4,4.90
-58.3732783333,-34.5931600000,1236085217,7,1.10
-58.3733050000,-34.5931600000,1236085277,6,1.30
-58.3730133333,-34.5926366667,1236085337,6,1.30
-58.3725183333,-34.5918766667,1236085399,8,1.00
-58.3745433333,-34.5916250000,1236085457,7,1.20
-58.3747366667,-34.5918666667,1236085519,8,1.10
-58.3761583333,-34.5919000000,1236085578,6,1.20
-58.3803966667,-34.5894066667,1236085638,8,1.20
-58.3851816667,-34.5867933333,1236085699,7,2.10
-58.3875733333,-34.5854950000,1236085758,9,1.00
-58.3885566667,-34.5849966667,1236085820,9,1.00
-58.3926000000,-34.5831133333,1236085879,9,1.00
-58.3925366667,-34.5831950000,1236085939,7,1.20
-58.3926350000,-34.5831450000,1236085999,9,1.00
-58.3926350000,-34.5831450000,1236086058,8,1.00
-58.3932883333,-34.5826766667,1236086119,9,1.00
-58.3929233333,-34.5829650000,1236086179,8,1.00
-58.3928083333,-34.5830866667,1236086238,9,1.00
-58.3927833333,-34.5830850000,1236086301,9,1.00
-58.3927833333,-34.5830850000,1236086360,9,1.00
-58.3959516667,-34.5816100000,1236086419,9,1.00
-58.3964033333,-34.5833366667,1236097674,9,1.10
-58.3911966667,-34.5850233333,1236097734,9,1.10
-58.3902066667,-34.5871066667,1236097794,9,1.10
-58.3901783333,-34.5871216667,1236097854,8,1.20
-58.3908583333,-34.5876900000,1236097916,9,1.10
-58.3914050000,-34.5873716667,1236097975,7,1.80
-58.3915283333,-34.5872500000,1236098035,7,1.80
-58.3915283333,-34.5872500000,1236098093,7,1.80
-58.3912516667,-34.5845633333,1236098154,0,50.00
-58.3908533333,-34.5812383333,1236098214,0,50.00
-58.3904533333,-34.5779133333,1236098274,0,50.00
-58.3925566667,-34.5872900000,1236098334,3,3.00
-58.3924150000,-34.5872416667,1236098397,5,4.90
-58.3924150000,-34.5872416667,1236098454,5,4.90
-58.3921583333,-34.5867183333,1236098518,4,2.70
-58.3918733333,-34.5868616667,1236098575,0,50.00
-58.3922283333,-34.5870200000,1236098635,4,2.70
-58.3941850000,-34.5841483333,1236098695,0,50.00
-58.3965650000,-34.5813350000,1236098755,0,50.00
-58.3919066667,-34.5868966667,1236098877,6,2.20
-58.3918616667,-34.5872200000,1236098937,7,1.60
-58.3918966667,-34.5876166667,1236098997,8,1.20
-58.3920000000,-34.5874633333,1236099059,3,16.80
-58.3923166667,-34.5875500000,1236099119,7,1.50
-58.3923166667,-34.5875500000,1236099179,7,1.50
-58.3929066667,-34.5862450000,1236099239,0,50.00
-58.3929066667,-34.5862450000,1236099300,0,50.00
-58.3921466667,-34.5874166667,1236099361,8,1.20
-58.3921133333,-34.5871333333,1236099422,7,1.30
-58.3921133333,-34.5871333333,1236099481,8,1.20
-58.3921133333,-34.5871333333,1236099541,8,1.20
-58.3921133333,-34.5871333333,1236099600,8,1.20
-58.3921133333,-34.5871333333,1236099660,8,1.20
-58.3924533333,-34.5870533333,1236099721,8,1.20
-58.3924533333,-34.5870533333,1236099780,8,1.20
-58.3927933333,-34.5870866667,1236099841,8,1.20
-58.3927516667,-34.5867916667,1236099901,8,1.20
-58.3930450000,-34.5865250000,1236099961,8,1.20
-58.3930450000,-34.5865250000,1236100021,8,1.20
-58.3935283333,-34.5865550000,1236100081,6,2.30
-58.3935283333,-34.5865550000,1236100141,6,2.30
-58.3939666667,-34.5864983333,1236100202,5,2.80
-58.3939666667,-34.5864983333,1236100262,7,1.30
-58.3941766667,-34.5867350000,1236100326,7,1.30
-58.3941766667,-34.5867350000,1236100382,7,1.30
-58.3939883333,-34.5869933333,1236100445,8,1.10
-58.3939883333,-34.5869933333,1236100502,8,1.10
-58.3941333333,-34.5873016667,1236100563,6,1.40
-58.3941333333,-34.5873016667,1236100623,7,1.40
-58.3942950000,-34.5874116667,1236100683,7,1.40
-58.3942950000,-34.5874116667,1236100744,8,1.10
-58.3942950000,-34.5874116667,1236100804,8,1.10
-58.3944050000,-34.5877216667,1236100865,8,1.10
-58.3944766667,-34.5879750000,1236100925,7,1.40
-58.3945050000,-34.5882216667,1236100985,7,1.40
-58.3938883333,-34.5881200000,1236101048,8,1.00
-58.3934033333,-34.5882416667,1236101104,6,1.50
-58.3930600000,-34.5878866667,1236101164,8,1.00
-58.3928533333,-34.5874883333,1236101225,7,1.10
-58.3928516667,-34.5874833333,1236101285,4,2.00
-58.3928516667,-34.5874833333,1236101345,8,1.00
-58.3926400000,-34.5874283333,1236101405,7,1.20
-58.3920833333,-34.5875333333,1236101468,6,1.40
-58.3920833333,-34.5875333333,1236101526,6,1.40
-58.3913650000,-34.5861366667,1236101585,7,1.30
-58.3907416667,-34.5855166667,1236101648,7,1.20
-58.3904866667,-34.5863416667,1236101706,7,1.40
-58.3867666667,-34.5891866667,1236101766,5,1.40
-58.3827400000,-34.5934000000,1236101827,4,1.50
-58.3826166667,-34.5947750000,1236101886,7,1.30
-58.3825500000,-34.5952366667,1236101946,5,1.30
-58.3824933333,-34.5954550000,1236102006,9,0.90
-58.3822550000,-34.5965533333,1236102067,7,1.30
-58.3821616667,-34.5972350000,1236102127,7,1.30
-58.3820766667,-34.5982233333,1236102187,8,1.00
-58.3820733333,-34.5986916667,1236102247,6,1.20
-58.3818650000,-34.6009100000,1236102306,7,1.10
-58.3817983333,-34.6018166667,1236102366,7,1.10
-58.3818300000,-34.6028483333,1236102427,6,1.50
-58.3815483333,-34.6035450000,1236102486,7,1.30
-58.3776550000,-34.6035366667,1236102547,5,1.30
-58.3755700000,-34.6031616667,1236102607,0,50.00
-58.3753316667,-34.6034216667,1236102670,5,1.70
-58.3752500000,-34.6041300000,1236102727,5,1.20
-58.3754066667,-34.6058150000,1236102787,0,50.00
-58.3755550000,-34.6074883333,1236102847,0,50.00
-58.3757033333,-34.6091900000,1236102908,0,50.00
-58.3758516667,-34.6108633333,1236102968,0,50.00
-58.3758516667,-34.6108633333,1236103028,0,50.00
-58.3758516667,-34.6108633333,1236103392,0,50.00
-58.3758516667,-34.6108633333,1236103512,0,50.00
-58.3758516667,-34.6108633333,1236103694,0,50.00
-58.3758516667,-34.6108633333,1236103939,0,50.00
-58.3758516667,-34.6108633333,1236104605,0,50.00
-58.3751666667,-34.6044950000,1236104662,7,1.00
-58.3751666667,-34.6044950000,1236104723,0,50.00
-58.3748000000,-34.6043616667,1236104784,6,1.20
-58.3750416667,-34.6044883333,1236104842,3,7.60
-58.3747766667,-34.6045583333,1236104902,3,3.10
-58.3747266667,-34.6044316667,1236104962,5,1.70
-58.3746516667,-34.6045866667,1236105022,6,1.20
-58.3746516667,-34.6045866667,1236105083,5,1.80
-58.3744183333,-34.6045666667,1236105142,3,2.90
-58.3730750000,-34.6047150000,1236105203,3,1.80
-58.3736383333,-34.6049433333,1236105263,5,1.90
-58.3741050000,-34.6045116667,1236105323,4,6.00
-58.3746316667,-34.6044166667,1236105446,4,1.30
-58.3742950000,-34.6042416667,1236105503,3,6.80
-58.3745783333,-34.6044650000,1236105564,3,14.30
-58.3743650000,-34.6043933333,1236105626,5,2.80
-58.3745066667,-34.6044433333,1236105683,3,1.60
-58.3744450000,-34.6044833333,1236105743,3,3.40
-58.3746633333,-34.6044350000,1236105803,5,1.90
-58.3748050000,-34.6047100000,1236105866,5,1.40
-58.3746100000,-34.6045650000,1236105926,5,1.40
-58.3747650000,-34.6047766667,1236105985,4,1.70
-58.3748983333,-34.6047483333,1236106044,3,7.60
-58.3752283333,-34.6047283333,1236106104,3,7.60
-58.3744950000,-34.6045466667,1236106164,4,2.00
-58.3748583333,-34.6046616667,1236106224,3,1.60
-58.3748583333,-34.6046616667,1236106285,3,1.60
-58.3747700000,-34.6046316667,1236106344,5,6.20
-58.3739416667,-34.6050683333,1236106404,0,50.00
-58.3747283333,-34.6046250000,1236106467,3,2.00
-58.3753416667,-34.6038383333,1236106528,6,1.50
-58.3750333333,-34.6033116667,1236106588,7,1.00
-58.3751550000,-34.6032933333,1236106646,4,7.10
-58.3749033333,-34.6028900000,1236106704,4,6.60
-58.3749416667,-34.6022333333,1236106766,4,6.20
-58.3748816667,-34.6016933333,1236106831,5,5.60
-58.3747866667,-34.6011683333,1236106887,4,5.50
-58.3750650000,-34.6005600000,1236106947,3,3.30
-58.3718650000,-34.6016133333,1236107009,0,50.00
-58.3646216667,-34.6088116667,1236107069,0,50.00
-58.3719550000,-34.6017966667,1236107129,0,50.00
-58.3763766667,-34.5975050000,1236107189,4,15.80
-58.3741016667,-34.5997850000,1236107251,0,50.00
-58.3753366667,-34.5985083333,1236107309,3,21.20
-58.3768650000,-34.5967933333,1236107370,3,17.90
-58.3759033333,-34.5978783333,1236107432,0,50.00
-58.3745100000,-34.5986583333,1236107490,0,50.00
-58.3753883333,-34.5984516667,1236107549,4,3.20
-58.3754233333,-34.5985466667,1236107609,3,2.30
-58.3751100000,-34.5985016667,1236107670,3,2.70
-58.3753100000,-34.5984800000,1236107731,3,15.00
-58.3754566667,-34.5982433333,1236107789,3,2.40
-58.3747916667,-34.5988633333,1236107850,3,2.40
-58.3756450000,-34.5981616667,1236107910,5,2.70
-58.3752350000,-34.5985866667,1236107972,5,2.80
-58.3753950000,-34.5986166667,1236108034,5,2.80
-58.3762200000,-34.5975066667,1236108090,0,50.00
-58.3752783333,-34.5988600000,1236108150,0,50.00
-58.3752266667,-34.5985566667,1236108211,3,5.60
-58.3754566667,-34.5984400000,1236108271,0,50.00
-58.3746416667,-34.5990616667,1236108332,0,50.00
-58.3750633333,-34.5987533333,1236108390,4,4.90
-58.3749500000,-34.5988116667,1236108450,4,2.10
-58.3749133333,-34.5985450000,1236108514,0,50.00
-58.3750666667,-34.5984966667,1236108570,0,50.00
-58.3750900000,-34.5987066667,1236108630,3,4.20
-58.3750900000,-34.5987066667,1236108690,3,4.20
-58.3754983333,-34.5983950000,1236108751,4,2.40
-58.3751450000,-34.5988733333,1236108812,4,2.40
-58.3752450000,-34.5985433333,1236108871,3,3.70
-58.3756966667,-34.5987800000,1236108931,4,3.60
-58.3753716667,-34.5995750000,1236108993,5,1.80
-58.3753316667,-34.6004483333,1236109053,4,3.40
-58.3753850000,-34.6010100000,1236109114,4,2.00
-58.3751866667,-34.6020350000,1236109174,5,1.80
-58.3752383333,-34.6025850000,1236109235,5,1.80
-58.3753583333,-34.6030800000,1236109297,4,3.10
-58.3753650000,-34.6035416667,1236109358,4,3.00
-58.3753300000,-34.6039166667,1236109420,0,50.00
-58.3753300000,-34.6039166667,1236109478,0,50.00
-58.3753300000,-34.6039166667,1236109538,0,50.00
-58.3753300000,-34.6039166667,1236109600,0,50.00
-58.3754466667,-34.6036633333,1236109661,0,50.00
-58.3754466667,-34.6036633333,1236109720,0,50.00
-58.3754466667,-34.6036633333,1236109781,0,50.00
-58.3754466667,-34.6036633333,1236109840,0,50.00
-58.3754466667,-34.6036633333,1236109900,0,50.00
-58.3754466667,-34.6036633333,1236109959,0,50.00
-58.3754466667,-34.6036633333,1236110019,0,50.00
-58.3754466667,-34.6036633333,1236110081,0,50.00
-58.3754466667,-34.6036633333,1236110140,0,50.00
-58.3754466667,-34.6036633333,1236110200,0,50.00
-58.3754466667,-34.6036633333,1236110261,0,50.00
-58.3754466667,-34.6036633333,1236110320,0,50.00
-58.3754466667,-34.6036633333,1236110380,0,50.00
-58.3754466667,-34.6036633333,1236110440,0,50.00
-58.3754466667,-34.6036633333,1236110500,0,50.00
-58.3754466667,-34.6036633333,1236110561,0,50.00
-58.3754466667,-34.6036633333,1236110621,0,50.00
-58.3754466667,-34.6036633333,1236110681,0,50.00
-58.3754466667,-34.6036633333,1236110741,0,50.00
-58.3754466667,-34.6036633333,1236110801,0,50.00
-58.3754466667,-34.6036633333,1236110864,0,50.00
-58.3754466667,-34.6036633333,1236110920,0,50.00
-58.3752483333,-34.6035150000,1236110983,5,2.60
-58.3750650000,-34.6032016667,1236111042,4,2.20
-58.3711050000,-34.6030566667,1236111101,4,2.20
-58.3711050000,-34.6030566667,1236111163,4,2.20
-58.3673266667,-34.6019550000,1236111221,6,1.60
-58.3681100000,-34.5980500000,1236111281,7,1.20
-58.3702450000,-34.5912600000,1236111341,7,1.20
-58.3710866667,-34.5888100000,1236111402,7,1.20
-58.3720133333,-34.5872900000,1236111462,7,1.20
-58.3741116667,-34.5863116667,1236111521,7,1.20
-58.3741083333,-34.5857266667,1236111582,0,50.00
-58.3742183333,-34.5847450000,1236111646,0,50.00
-58.3729783333,-34.5876100000,1236111701,4,2.20
-58.3729683333,-34.5876933333,1236111761,3,2.80
-58.3736750000,-34.5874633333,1236111823,0,50.00
-58.3739683333,-34.5864433333,1236111883,0,50.00
-58.3746483333,-34.5842066667,1236111946,0,50.00
-58.3746483333,-34.5842066667,1236112004,0,50.00
-58.3759733333,-34.5798433333,1236112068,0,50.00
-58.3764333333,-34.5783283333,1236112186,0,50.00
-58.3764333333,-34.5783283333,1236112246,0,50.00
-58.3736100000,-34.5869933333,1236112308,5,1.70
-58.3735583333,-34.5857683333,1236112368,0,50.00
-58.3735033333,-34.5845533333,1236112429,0,50.00
-58.3746100000,-34.5859033333,1236112488,0,50.00
-58.3739533333,-34.5866433333,1236112550,0,50.00
-58.3733166667,-34.5873616667,1236112611,0,50.00
-58.3726683333,-34.5880900000,1236112671,0,50.00
-58.3726683333,-34.5880900000,1236112731,0,50.00
-58.3721916667,-34.5886266667,1236112792,0,50.00
-58.3722466667,-34.5873016667,1236112854,0,50.00
-58.3732683333,-34.5878200000,1236112913,0,50.00
-58.3731500000,-34.5870050000,1236112973,3,14.50
-58.3732150000,-34.5874900000,1236113035,6,1.70
-58.3733900000,-34.5874866667,1236113094,5,1.50
-58.3733450000,-34.5877516667,1236113155,5,3.10
-58.3733883333,-34.5875383333,1236113216,7,1.30
-58.3733883333,-34.5875383333,1236113273,7,1.30
-58.3734733333,-34.5875150000,1236113333,4,3.90
-58.3734200000,-34.5873550000,1236113393,5,3.10
-58.3733533333,-34.5876550000,1236113455,4,4.70
-58.3732550000,-34.5873216667,1236113514,4,4.30
-58.3734383333,-34.5877266667,1236113574,5,3.60
-58.3734283333,-34.5874333333,1236113634,5,3.60
-58.3734400000,-34.5876666667,1236113697,4,9.80
-58.3734400000,-34.5876666667,1236113755,4,9.80
-58.3734750000,-34.5877150000,1236113814,5,3.70
-58.3735700000,-34.5876050000,1236113875,8,1.10
-58.3746750000,-34.5870233333,1236113936,8,1.10
-58.3755383333,-34.5865683333,1236113995,7,1.40
-58.3761533333,-34.5861983333,1236114055,8,1.10
-58.3757383333,-34.5846666667,1236114115,7,2.80
-58.3729900000,-34.5857133333,1236114175,7,1.20
-58.3717383333,-34.5880150000,1236114237,8,1.10
-58.3711683333,-34.5898233333,1236114296,7,1.30
-58.3722183333,-34.5915100000,1236114356,7,1.30
-58.3704483333,-34.5954116667,1236114416,6,1.90
-58.3688133333,-34.6002750000,1236114480,6,1.90
-58.3684166667,-34.6010700000,1236114536,4,4.60
-58.3682733333,-34.6040300000,1236114598,5,1.70
-58.3674633333,-34.6093516667,1236114655,5,3.30
-58.3674633333,-34.6093516667,1236114715,5,3.30
